name,image
Aldus Krickler,aldus-krickler.png
Alex,alex.png
Allrella,allrella.png
Andreas Von Bruner,andreas-von-bruner.png
Boniel Von Bruner,boniel-von-bruner.png
Borgun Foambeard,borgun-foambeard.png
Christoph Engel,christoph-engel.png
Cordelia Wesselingh,cordelia-wesselingh.png
Dagmar Von Kausewhelm,dagmar-von-kausewhelm.png
Dannel Meer,dannel-meer.png
Diego,diego.png
Dordean Mounflair,dordean-mounflair.png
Dwargun Foambeard,dwargun-foambeard.png
Elena Kurtz,elena-kurtz.png
Eliza,eliza.png
Elphoise,elphoise.png
Emanuelle Nacht,emanuelle-nacht.png
Ernst Geldfinger,ernst-geldfinger.png
Ernst Maller,ernst-maller.png
Ernst Zimmerman,ernst-zimmerman.png
Fagor,fagor.png
Francois Beauharnais,francois-beauharnais.png
Francois Benotte,francois-benotte.png
Franz Lohner,franz-lohner.png
Friedrich Ferr,friedrich-ferr.png
Galvic Boarhand,galvic-boarhand.png
General Jendrick Von Dabernick,general-jendrick-von-dabernick.png
Generic Merchant,generic-merchant.png
Gerhart Urteil,gerhart-urteil.png
Gert Hunder,gert-hunder.png
Gino,gino.png
Gjur Farlson,gjur-farlson.png
Gregor Pierson,gregor-pierson.png
Grondi Surehammer,grondi-surehammer.png
Guido Falck,guido-falck.png
Gunter Bisset,gunter-bisset.png
Gutele Von Bruner,gutele-von-bruner.png
Haldred Sturmsen,haldred-sturmsen.png
Handmaids And Servants,handmaids-and-servants.png
Hanna Anwalt,hanna-anwalt.png
Hannes Ritcher,hannes-ritcher.png
Hans Erpresser,hans-erpresser.png
Hans Jinkerst,hans-jinkerst.png
Hargin Foambeard,hargin-foambeard.png
Heinrich Böttcher,heinrich-böttcher.png
Heinrich Gutenberg,heinrich-gutenberg.png
Honinghaschen,honinghaschen.png
Hugo,hugo.png
Ivar Broadthumb,ivar-broadthumb.png
Jannik Fanger,jannik-fanger.png
Josef Quartjin,josef-quartjin.png
Karlous Dichens,karlous-dichens.png
Karsten Rugger,karsten-rugger.png
Klaus Rauchfeldt,klaus-rauchfeldt.png
Kurbis,kurbis.png
Lothar Hagen,lothar-hagen.png
Lucius Tarn,lucius-tarn.png
Ludwig Meister,ludwig-meister.png
Ludwig Schlüsselfert,ludwig-schlüsselfert.png
Maria Ulrike Von Liebwitz Of Ambosstein,maria-ulrike-von-liebwitz-of-ambosstein.png
Marta Muller,marta-muller.png
Mattheus Hümpfen,mattheus-hümpfen.png
Melina Spirren Hirsch,melina-spirren-hirsch.png
Mercy Lowhaven,mercy-lowhaven.png
Nils,nils.png
Eberhart Von Dammenblatz,eberhart-von-dammenblatz.png
Otto,otto.png
Petronilla Merkle,petronilla-merkle.png
Rudy Schlau,rudy-schlau.png
Silvi Kreutzhame,silvi-kreutzhame.png
Sourly Innkepper,sourly-innkepper.png
Unknown,unknown.png
Vallentino Florentino,vallentino-florentino.png
Violetta Von Dammenblatz,violetta-von-dammenblatz.png
Wendelin Von Jugenfreund,wendelin-von-jugenfreund.png
Wilhelm Big Willi Docker,wilhelm-big-willi-docker.png
Wilmer,wilmer.png